id,name,state_cd,cnty_cd,chronic_disease_list,cost,population,cnty_pop,percent_pop,us_avg,cost_variance,std_dev,cost_flag
1019,"CHEROKEE, AL",1,90,Alzheimer,2850,1,15,6.67,1724.195349,6818053.545,2611.140277,(null)
1033,"COLBERT, AL",1,160,Alzheimer,1660,1,32,3.13,1724.195349,6818053.545,2611.140277,(null)
1047,"DALLAS, AL",1,230,Alzheimer,190,1,41,2.44,1724.195349,6818053.545,2611.140277,(null)
1049,"DE KALB, AL",1,240,Alzheimer,420,1,44,2.27,1724.195349,6818053.545,2611.140277,(null)
1051,"ELMORE, AL",1,250,Alzheimer,2720,1,39,2.56,1724.195349,6818053.545,2611.140277,(null)
1053,"ESCAMBIA, AL",1,260,Alzheimer,2140,2,21,9.52,1724.195349,6818053.545,2611.140277,(null)
1057,"FAYETTE, AL",1,280,Alzheimer,2530,1,9,11.11,1724.195349,6818053.545,2611.140277,(null)
1073,"JEFFERSON, AL",1,360,Alzheimer,2402.25,8,385,2.08,1724.195349,6818053.545,2611.140277,(null)
1077,"LAUDERDALE, AL",1,380,Alzheimer,170,1,55,1.82,1724.195349,6818053.545,2611.140277,(null)
1083,"LIMESTONE, AL",1,410,Alzheimer,300,1,29,3.45,1724.195349,6818053.545,2611.140277,(null)
1085,"LOWNDES, AL",1,420,Alzheimer,1410,1,7,14.29,1724.195349,6818053.545,2611.140277,(null)
1089,"MADISON, AL",1,440,Alzheimer,1882.666667,3,168,1.79,1724.195349,6818053.545,2611.140277,(null)
1101,"MONTGOMERY, AL",1,500,Alzheimer,1380,1,90,1.11,1724.195349,6818053.545,2611.140277,(null)
1103,"MORGAN, AL",1,510,Alzheimer,1290,1,60,1.67,1724.195349,6818053.545,2611.140277,(null)
1107,"PICKENS, AL",1,530,Alzheimer,70,1,27,3.7,1724.195349,6818053.545,2611.140277,(null)
1127,"WALKER, AL",1,630,Alzheimer,1090,1,51,1.96,1724.195349,6818053.545,2611.140277,(null)
1133,"WINSTON, AL",1,660,Alzheimer,960,1,21,4.76,1724.195349,6818053.545,2611.140277,(null)
2020,"ANCHORAGE, AK",2,20,Alzheimer,1110,1,91,1.1,1724.195349,6818053.545,2611.140277,(null)
4007,"GILA, AZ",3,30,Alzheimer,80,1,35,2.86,1724.195349,6818053.545,2611.140277,(null)
4013,"MARICOPA, AZ",3,60,Alzheimer,936.6666667,9,1222,0.74,1724.195349,6818053.545,2611.140277,(null)
4017,"NAVAJO, AZ",3,80,Alzheimer,1940,1,43,2.33,1724.195349,6818053.545,2611.140277,(null)
4019,"PIMA, AZ",3,90,Alzheimer,1950,4,396,1.01,1724.195349,6818053.545,2611.140277,(null)
5009,"BOONE, AR",4,40,Alzheimer,10,1,35,2.86,1724.195349,6818053.545,2611.140277,(null)
5033,"CRAWFORD, AR",4,160,Alzheimer,1820,1,44,2.27,1724.195349,6818053.545,2611.140277,(null)
5035,"CRITTENDEN, AR",4,170,Alzheimer,1960,2,39,5.13,1724.195349,6818053.545,2611.140277,(null)
5039,"DALLAS, AR",4,190,Alzheimer,1500,1,5,20,1724.195349,6818053.545,2611.140277,(null)
5063,"INDEPENDENCE, AR",4,310,Alzheimer,80,1,29,3.45,1724.195349,6818053.545,2611.140277,(null)
5071,"JOHNSON, AR",4,350,Alzheimer,1150,1,18,5.56,1724.195349,6818053.545,2611.140277,(null)
5085,"LONOKE, AR",4,420,Alzheimer,250,1,27,3.7,1724.195349,6818053.545,2611.140277,(null)
5093,"MISSISSIPPI, AR",4,460,Alzheimer,1310,1,29,3.45,1724.195349,6818053.545,2611.140277,(null)
5115,"POPE, AR",4,570,Alzheimer,8959,2,45,4.44,1724.195349,6818053.545,2611.140277,high
5119,"PULASKI, AR",4,590,Alzheimer,2225,2,234,0.85,1724.195349,6818053.545,2611.140277,(null)
5131,"SEBASTIAN, AR",4,650,Alzheimer,8248,1,67,1.49,1724.195349,6818053.545,2611.140277,high
6001,"ALAMEDA, CA",5,0,Alzheimer,3113.333333,3,389,0.77,1724.195349,6818053.545,2611.140277,(null)
6013,"CONTRA COSTA, CA",5,60,Alzheimer,1566.666667,6,291,2.06,1724.195349,6818053.545,2611.140277,(null)
6017,"EL DORADO, CA",5,80,Alzheimer,640,1,71,1.41,1724.195349,6818053.545,2611.140277,(null)
6019,"FRESNO, CA",5,90,Alzheimer,3200,1,224,0.45,1724.195349,6818053.545,2611.140277,(null)
6029,"KERN, CA",5,140,Alzheimer,70,1,201,0.5,1724.195349,6818053.545,2611.140277,(null)
6037,"LOS ANGELES, CA",5,200,Alzheimer,1994.37037,27,2346,1.15,1724.195349,6818053.545,2611.140277,(null)
6037,"LOS ANGELES, CA",5,210,Alzheimer,995,2,132,1.52,1724.195349,6818053.545,2611.140277,(null)
6039,"MADERA, CA",5,300,Alzheimer,22448,1,46,2.17,1724.195349,6818053.545,2611.140277,high
6041,"MARIN, CA",5,310,Alzheimer,270,1,89,1.12,1724.195349,6818053.545,2611.140277,(null)
6047,"MERCED, CA",5,340,Alzheimer,1600,2,60,3.33,1724.195349,6818053.545,2611.140277,(null)
6055,"NAPA, CA",5,380,Alzheimer,490,2,57,3.51,1724.195349,6818053.545,2611.140277,(null)
6057,"NEVADA, CA",5,390,Alzheimer,170,1,44,2.27,1724.195349,6818053.545,2611.140277,(null)
6059,"ORANGE, CA",5,400,Alzheimer,2557.666667,6,720,0.83,1724.195349,6818053.545,2611.140277,(null)
6065,"RIVERSIDE, CA",5,430,Alzheimer,1767.5,4,553,0.72,1724.195349,6818053.545,2611.140277,(null)
6067,"SACRAMENTO, CA",5,440,Alzheimer,186.6666667,3,396,0.76,1724.195349,6818053.545,2611.140277,(null)
6071,"SAN BERNARDINO, CA",5,460,Alzheimer,1080,7,423,1.65,1724.195349,6818053.545,2611.140277,(null)
6073,"SAN DIEGO, CA",5,470,Alzheimer,1198,10,857,1.17,1724.195349,6818053.545,2611.140277,(null)
6075,"SAN FRANCISCO, CA",5,480,Alzheimer,570,3,250,1.2,1724.195349,6818053.545,2611.140277,(null)
6077,"SAN JOAQUIN, CA",5,490,Alzheimer,5552.666667,3,176,1.7,1724.195349,6818053.545,2611.140277,high
6081,"SAN MATEO, CA",5,510,Alzheimer,3170,2,213,0.94,1724.195349,6818053.545,2611.140277,(null)
6083,"SANTA BARBARA, CA",5,520,Alzheimer,1070,1,104,0.96,1724.195349,6818053.545,2611.140277,(null)
6085,"SANTA CLARA, CA",5,530,Alzheimer,3794.5,4,464,0.86,1724.195349,6818053.545,2611.140277,(null)
6087,"SANTA CRUZ, CA",5,540,Alzheimer,7997,4,81,4.94,1724.195349,6818053.545,2611.140277,high
6097,"SONOMA, CA",5,590,Alzheimer,290,1,152,0.66,1724.195349,6818053.545,2611.140277,(null)
6099,"STANISLAUS, CA",5,600,Alzheimer,745,2,130,1.54,1724.195349,6818053.545,2611.140277,(null)
6103,"TEHAMA, CA",5,620,Alzheimer,320,1,18,5.56,1724.195349,6818053.545,2611.140277,(null)
6107,"TULARE, CA",5,640,Alzheimer,560,3,115,2.61,1724.195349,6818053.545,2611.140277,(null)
6109,"TUOLUMNE, CA",5,650,Alzheimer,1285,2,32,6.25,1724.195349,6818053.545,2611.140277,(null)
6111,"VENTURA, CA",5,660,Alzheimer,1047.5,4,257,1.56,1724.195349,6818053.545,2611.140277,(null)
8005,"ARAPAHOE, CO",6,20,Alzheimer,1550,1,210,0.48,1724.195349,6818053.545,2611.140277,(null)
8013,"BOULDER, CO",6,60,Alzheimer,1060,1,129,0.78,1724.195349,6818053.545,2611.140277,(null)
8041,"EL PASO, CO",6,200,Alzheimer,1096.666667,3,231,1.3,1724.195349,6818053.545,2611.140277,(null)
8059,"JEFFERSON, CO",6,290,Alzheimer,2655,2,236,0.85,1724.195349,6818053.545,2611.140277,(null)
8069,"LARIMER, CO",6,340,Alzheimer,1585,2,133,1.5,1724.195349,6818053.545,2611.140277,(null)
8103,"RIO BLANCO, CO",6,510,Alzheimer,180,1,1,100,1724.195349,6818053.545,2611.140277,(null)
9001,"FAIRFIELD, CT",7,0,Alzheimer,1530,2,394,0.51,1724.195349,6818053.545,2611.140277,(null)
9003,"HARTFORD, CT",7,10,Alzheimer,2977,4,400,1,1724.195349,6818053.545,2611.140277,(null)
9005,"LITCHFIELD, CT",7,20,Alzheimer,90,1,111,0.9,1724.195349,6818053.545,2611.140277,(null)
9007,"MIDDLESEX, CT",7,30,Alzheimer,1730,1,74,1.35,1724.195349,6818053.545,2611.140277,(null)
9009,"NEW HAVEN, CT",7,40,Alzheimer,690,2,355,0.56,1724.195349,6818053.545,2611.140277,(null)
9011,"NEW LONDON, CT",7,50,Alzheimer,485,2,103,1.94,1724.195349,6818053.545,2611.140277,(null)
9013,"TOLLAND, CT",7,60,Alzheimer,1100,1,56,1.79,1724.195349,6818053.545,2611.140277,(null)
9015,"WINDHAM, CT",7,70,Alzheimer,12118,1,48,2.08,1724.195349,6818053.545,2611.140277,high
10003,"NEW CASTLE, DE",8,10,Alzheimer,420,2,241,0.83,1724.195349,6818053.545,2611.140277,(null)
10005,"SUSSEX, DE",8,20,Alzheimer,1440,2,151,1.32,1724.195349,6818053.545,2611.140277,(null)
11001,"THE DISTRICT, DC",9,0,Alzheimer,1605,2,301,0.66,1724.195349,6818053.545,2611.140277,(null)
12005,"BAY, FL",10,20,Alzheimer,1953.333333,3,71,4.23,1724.195349,6818053.545,2611.140277,(null)
12009,"BREVARD, FL",10,40,Alzheimer,2430,1,323,0.31,1724.195349,6818053.545,2611.140277,(null)
12011,"BROWARD, FL",10,50,Alzheimer,1191.666667,6,577,1.04,1724.195349,6818053.545,2611.140277,(null)
12017,"CITRUS, FL",10,80,Alzheimer,1420,1,119,0.84,1724.195349,6818053.545,2611.140277,(null)
12019,"CLAY, FL",10,90,Alzheimer,4100,1,58,1.72,1724.195349,6818053.545,2611.140277,(null)
12021,"COLLIER, FL",10,100,Alzheimer,960,1,159,0.63,1724.195349,6818053.545,2611.140277,(null)
12086,"MIAMI-DADE, FL",10,120,Alzheimer,1137.777778,9,861,1.05,1724.195349,6818053.545,2611.140277,(null)
12031,"DUVAL, FL",10,150,Alzheimer,540,1,273,0.37,1724.195349,6818053.545,2611.140277,(null)
12053,"HERNANDO, FL",10,260,Alzheimer,1470,1,124,0.81,1724.195349,6818053.545,2611.140277,(null)
12057,"HILLSBOROUGH, FL",10,280,Alzheimer,2205,2,357,0.56,1724.195349,6818053.545,2611.140277,(null)
12061,"INDIAN RIVER, FL",10,300,Alzheimer,1830,1,100,1,1724.195349,6818053.545,2611.140277,(null)
12069,"LAKE, FL",10,340,Alzheimer,945,2,218,0.92,1724.195349,6818053.545,2611.140277,(null)
12071,"LEE, FL",10,350,Alzheimer,1426.666667,3,280,1.07,1724.195349,6818053.545,2611.140277,(null)
12073,"LEON, FL",10,360,Alzheimer,630,1,53,1.89,1724.195349,6818053.545,2611.140277,(null)
12087,"MONROE, FL",10,430,Alzheimer,380,1,23,4.35,1724.195349,6818053.545,2611.140277,(null)
12095,"ORANGE, FL",10,470,Alzheimer,664,5,293,1.71,1724.195349,6818053.545,2611.140277,(null)
12099,"PALM BEACH, FL",10,490,Alzheimer,1311.428571,7,642,1.09,1724.195349,6818053.545,2611.140277,(null)
12101,"PASCO, FL",10,500,Alzheimer,820,1,257,0.39,1724.195349,6818053.545,2611.140277,(null)
12103,"PINELLAS, FL",10,510,Alzheimer,957.1428571,7,461,1.52,1724.195349,6818053.545,2611.140277,(null)
12105,"POLK, FL",10,520,Alzheimer,2982.666667,3,261,1.15,1724.195349,6818053.545,2611.140277,(null)
12109,"ST. JOHNS, FL",10,540,Alzheimer,370,2,77,2.6,1724.195349,6818053.545,2611.140277,(null)
12111,"ST. LUCIE, FL",10,550,Alzheimer,490,2,126,1.59,1724.195349,6818053.545,2611.140277,(null)
12115,"SARASOTA, FL",10,570,Alzheimer,5989.2,5,277,1.81,1724.195349,6818053.545,2611.140277,high
12121,"SUWANNEE, FL",10,600,Alzheimer,430,1,16,6.25,1724.195349,6818053.545,2611.140277,(null)
12127,"VOLUSIA, FL",10,630,Alzheimer,1280,3,270,1.11,1724.195349,6818053.545,2611.140277,(null)
12129,"WAKULLA, FL",10,640,Alzheimer,380,1,17,5.88,1724.195349,6818053.545,2611.140277,(null)
12131,"WALTON, FL",10,650,Alzheimer,1530,1,25,4,1724.195349,6818053.545,2611.140277,(null)
13021,"BIBB, GA",11,90,Alzheimer,1975,2,70,2.86,1724.195349,6818053.545,2611.140277,(null)
13051,"CHATHAM, GA",11,220,Alzheimer,510,2,106,1.89,1724.195349,6818053.545,2611.140277,(null)
13057,"CHEROKEE, GA",11,250,Alzheimer,2300,1,45,2.22,1724.195349,6818053.545,2611.140277,(null)
13067,"COBB, GA",11,290,Alzheimer,523.3333333,3,184,1.63,1724.195349,6818053.545,2611.140277,(null)
13089,"DE KALB, GA",11,370,Alzheimer,830,3,176,1.7,1724.195349,6818053.545,2611.140277,(null)
13121,"FULTON, GA",11,470,Alzheimer,1255,2,215,0.93,1724.195349,6818053.545,2611.140277,(null)
13133,"GREENE, GA",11,520,Alzheimer,1160,1,9,11.11,1724.195349,6818053.545,2611.140277,(null)
13135,"GWINNETT, GA",11,530,Alzheimer,1110,1,129,0.78,1724.195349,6818053.545,2611.140277,(null)
13151,"HENRY, GA",11,591,Alzheimer,2180,2,36,5.56,1724.195349,6818053.545,2611.140277,(null)
13153,"HOUSTON, GA",11,600,Alzheimer,1840,1,39,2.56,1724.195349,6818053.545,2611.140277,(null)
13159,"JASPER, GA",11,611,Alzheimer,10498,1,9,11.11,1724.195349,6818053.545,2611.140277,high
13171,"LAMAR, GA",11,651,Alzheimer,280,1,15,6.67,1724.195349,6818053.545,2611.140277,(null)
13185,"LOWNDES, GA",11,700,Alzheimer,750,1,36,2.78,1724.195349,6818053.545,2611.140277,(null)
13213,"MURRAY, GA",11,772,Alzheimer,1210,1,7,14.29,1724.195349,6818053.545,2611.140277,(null)
13275,"THOMAS, GA",11,890,Alzheimer,3830,1,22,4.55,1724.195349,6818053.545,2611.140277,(null)
13277,"TIFT, GA",11,900,Alzheimer,1440,1,16,6.25,1724.195349,6818053.545,2611.140277,(null)
13297,"WALTON, GA",11,930,Alzheimer,1220,1,29,3.45,1724.195349,6818053.545,2611.140277,(null)
13315,"WILCOX, GA",11,971,Alzheimer,12988,1,4,25,1724.195349,6818053.545,2611.140277,high
15001,"HAWAII, HI",12,10,Alzheimer,813.3333333,3,97,3.09,1724.195349,6818053.545,2611.140277,(null)
15003,"HONOLULU, HI",12,20,Alzheimer,585,4,420,0.95,1724.195349,6818053.545,2611.140277,(null)
15009,"MAUI, HI",12,50,Alzheimer,105,4,51,7.84,1724.195349,6818053.545,2611.140277,(null)
16001,"ADA, ID",13,0,Alzheimer,280,1,166,0.6,1724.195349,6818053.545,2611.140277,(null)
16029,"CARIBOU, ID",13,140,Alzheimer,1140,1,7,14.29,1724.195349,6818053.545,2611.140277,(null)
16055,"KOOTENAI, ID",13,270,Alzheimer,4830,1,76,1.32,1724.195349,6818053.545,2611.140277,high
16059,"LEMHI, ID",13,290,Alzheimer,100,1,11,9.09,1724.195349,6818053.545,2611.140277,(null)
16067,"MINIDOKA, ID",13,330,Alzheimer,850,1,12,8.33,1724.195349,6818053.545,2611.140277,(null)
17011,"BUREAU, IL",14,50,Alzheimer,1280,1,9,11.11,1724.195349,6818053.545,2611.140277,(null)
17019,"CHAMPAIGN, IL",14,90,Alzheimer,1225,2,41,4.88,1724.195349,6818053.545,2611.140277,(null)
17027,"CLINTON, IL",14,130,Alzheimer,160,1,14,7.14,1724.195349,6818053.545,2611.140277,(null)
17031,"COOK, IL",14,141,Alzheimer,1002.5,16,1689,0.95,1724.195349,6818053.545,2611.140277,(null)
17043,"DU PAGE, IL",14,250,Alzheimer,565,2,294,0.68,1724.195349,6818053.545,2611.140277,(null)
17063,"GRUNDY, IL",14,400,Alzheimer,130,1,16,6.25,1724.195349,6818053.545,2611.140277,(null)
17073,"HENRY, IL",14,450,Alzheimer,1500,1,24,4.17,1724.195349,6818053.545,2611.140277,(null)
17093,"KENDALL, IL",14,550,Alzheimer,4020,1,22,4.55,1724.195349,6818053.545,2611.140277,(null)
17095,"KNOX, IL",14,560,Alzheimer,970,1,22,4.55,1724.195349,6818053.545,2611.140277,(null)
17097,"LAKE, IL",14,570,Alzheimer,2570,1,172,0.58,1724.195349,6818053.545,2611.140277,(null)
17099,"LA SALLE, IL",14,580,Alzheimer,970,1,45,2.22,1724.195349,6818053.545,2611.140277,(null)
17119,"MADISON, IL",14,680,Alzheimer,4920,1,123,0.81,1724.195349,6818053.545,2611.140277,high
17141,"OGLE, IL",14,790,Alzheimer,2070,1,28,3.57,1724.195349,6818053.545,2611.140277,(null)
17143,"PEORIA, IL",14,800,Alzheimer,730,1,66,1.52,1724.195349,6818053.545,2611.140277,(null)
17145,"PERRY, IL",14,810,Alzheimer,1080,1,5,20,1724.195349,6818053.545,2611.140277,(null)
17153,"PULASKI, IL",14,850,Alzheimer,690,1,7,14.29,1724.195349,6818053.545,2611.140277,(null)
17161,"ROCK ISLAND, IL",14,890,Alzheimer,570,1,40,2.5,1724.195349,6818053.545,2611.140277,(null)
17163,"ST. CLAIR, IL",14,900,Alzheimer,4399,2,96,2.08,1724.195349,6818053.545,2611.140277,high
17169,"SCHUYLER, IL",14,921,Alzheimer,410,1,2,50,1724.195349,6818053.545,2611.140277,(null)
17177,"STEPHENSON, IL",14,970,Alzheimer,270,1,31,3.23,1724.195349,6818053.545,2611.140277,(null)
17195,"WHITESIDE, IL",14,988,Alzheimer,920,2,38,5.26,1724.195349,6818053.545,2611.140277,(null)
17201,"WINNEBAGO, IL",14,991,Alzheimer,3410,2,127,1.57,1724.195349,6818053.545,2611.140277,(null)
17203,"WOODFORD, IL",14,992,Alzheimer,1570,1,14,7.14,1724.195349,6818053.545,2611.140277,(null)
18003,"ALLEN, IN",15,10,Alzheimer,7568,1,125,0.8,1724.195349,6818053.545,2611.140277,high
18019,"CLARK, IN",15,90,Alzheimer,2500,1,38,2.63,1724.195349,6818053.545,2611.140277,(null)
18029,"DEARBORN, IN",15,140,Alzheimer,1520,1,17,5.88,1724.195349,6818053.545,2611.140277,(null)
18053,"GRANT, IN",15,260,Alzheimer,1160,1,36,2.78,1724.195349,6818053.545,2611.140277,(null)
18057,"HAMILTON, IN",15,280,Alzheimer,660,1,43,2.33,1724.195349,6818053.545,2611.140277,(null)
18063,"HENDRICKS, IN",15,310,Alzheimer,370,1,42,2.38,1724.195349,6818053.545,2611.140277,(null)
18075,"JAY, IN",15,370,Alzheimer,2740,1,8,12.5,1724.195349,6818053.545,2611.140277,(null)
18077,"JEFFERSON, IN",15,380,Alzheimer,2000,1,20,5,1724.195349,6818053.545,2611.140277,(null)
18081,"JOHNSON, IN",15,400,Alzheimer,1160,1,52,1.92,1724.195349,6818053.545,2611.140277,(null)
18083,"KNOX, IN",15,410,Alzheimer,1090,1,21,4.76,1724.195349,6818053.545,2611.140277,(null)
18095,"MADISON, IN",15,470,Alzheimer,190,1,69,1.45,1724.195349,6818053.545,2611.140277,(null)
18097,"MARION, IN",15,480,Alzheimer,3173.333333,3,285,1.05,1724.195349,6818053.545,2611.140277,(null)
18105,"MONROE, IN",15,520,Alzheimer,1550,1,38,2.63,1724.195349,6818053.545,2611.140277,(null)
18145,"SHELBY, IN",15,720,Alzheimer,300,1,13,7.69,1724.195349,6818053.545,2611.140277,(null)
18163,"VANDERBURGH, IN",15,810,Alzheimer,1490,1,74,1.35,1724.195349,6818053.545,2611.140277,(null)
18169,"WABASH, IN",15,840,Alzheimer,1040,1,21,4.76,1724.195349,6818053.545,2611.140277,(null)
18175,"WASHINGTON, IN",15,870,Alzheimer,780,1,14,7.14,1724.195349,6818053.545,2611.140277,(null)
18177,"WAYNE, IN",15,880,Alzheimer,5240,1,38,2.63,1724.195349,6818053.545,2611.140277,high
19007,"APPANOOSE, IA",16,30,Alzheimer,1140,1,7,14.29,1724.195349,6818053.545,2611.140277,(null)
19015,"BOONE, IA",16,70,Alzheimer,1510,1,16,6.25,1724.195349,6818053.545,2611.140277,(null)
19031,"CEDAR, IA",16,150,Alzheimer,5200,1,10,10,1724.195349,6818053.545,2611.140277,high
19045,"CLINTON, IA",16,220,Alzheimer,2060,1,27,3.7,1724.195349,6818053.545,2611.140277,(null)
19047,"CRAWFORD, IA",16,230,Alzheimer,21798,1,8,12.5,1724.195349,6818053.545,2611.140277,high
19061,"DUBUQUE, IA",16,300,Alzheimer,2510,1,55,1.82,1724.195349,6818053.545,2611.140277,(null)
19095,"IOWA, IA",16,470,Alzheimer,5760,1,7,14.29,1724.195349,6818053.545,2611.140277,high
19097,"JACKSON, IA",16,480,Alzheimer,150,1,6,16.67,1724.195349,6818053.545,2611.140277,(null)
19103,"JOHNSON, IA",16,510,Alzheimer,3520,1,25,4,1724.195349,6818053.545,2611.140277,(null)
19123,"MAHASKA, IA",16,610,Alzheimer,620,1,13,7.69,1724.195349,6818053.545,2611.140277,(null)
19127,"MARSHALL, IA",16,630,Alzheimer,930,1,13,7.69,1724.195349,6818053.545,2611.140277,(null)
19129,"MILLS, IA",16,640,Alzheimer,4400,1,5,20,1724.195349,6818053.545,2611.140277,high
19153,"POLK, IA",16,760,Alzheimer,3500,1,140,0.71,1724.195349,6818053.545,2611.140277,(null)
19157,"POWESHIEK, IA",16,780,Alzheimer,990,1,14,7.14,1724.195349,6818053.545,2611.140277,(null)
19163,"SCOTT, IA",16,810,Alzheimer,1040,1,63,1.59,1724.195349,6818053.545,2611.140277,(null)
19193,"WOODBURY, IA",16,960,Alzheimer,1130,1,37,2.7,1724.195349,6818053.545,2611.140277,(null)
20091,"JOHNSON, KS",17,450,Alzheimer,320,1,151,0.66,1724.195349,6818053.545,2611.140277,(null)
20125,"MONTGOMERY, KS",17,620,Alzheimer,440,1,19,5.26,1724.195349,6818053.545,2611.140277,(null)
20131,"NEMAHA, KS",17,650,Alzheimer,100,1,4,25,1724.195349,6818053.545,2611.140277,(null)
20173,"SEDGWICK, KS",17,860,Alzheimer,1593.333333,3,180,1.67,1724.195349,6818053.545,2611.140277,(null)
21009,"BARREN, KY",18,40,Alzheimer,5000,1,30,3.33,1724.195349,6818053.545,2611.140277,high
21015,"BOONE, KY",18,70,Alzheimer,930,1,29,3.45,1724.195349,6818053.545,2611.140277,(null)
21027,"BRECKINRIDGE, KY",18,130,Alzheimer,5120,1,7,14.29,1724.195349,6818053.545,2611.140277,high
21029,"BULLITT, KY",18,140,Alzheimer,60,1,18,5.56,1724.195349,6818053.545,2611.140277,(null)
21037,"CAMPBELL, KY",18,180,Alzheimer,620,1,30,3.33,1724.195349,6818053.545,2611.140277,(null)
21047,"CHRISTIAN, KY",18,230,Alzheimer,2350,1,19,5.26,1724.195349,6818053.545,2611.140277,(null)
21049,"CLARK, KY",18,240,Alzheimer,950,1,18,5.56,1724.195349,6818053.545,2611.140277,(null)
21059,"DAVIESS, KY",18,290,Alzheimer,830,1,42,2.38,1724.195349,6818053.545,2611.140277,(null)
21067,"FAYETTE, KY",18,330,Alzheimer,1095,2,76,2.63,1724.195349,6818053.545,2611.140277,(null)
21069,"FLEMING, KY",18,340,Alzheimer,440,1,6,16.67,1724.195349,6818053.545,2611.140277,(null)
21071,"FLOYD, KY",18,350,Alzheimer,1280,1,18,5.56,1724.195349,6818053.545,2611.140277,(null)
21075,"FULTON, KY",18,361,Alzheimer,1090,1,6,16.67,1724.195349,6818053.545,2611.140277,(null)
21093,"HARDIN, KY",18,460,Alzheimer,480,1,45,2.22,1724.195349,6818053.545,2611.140277,(null)
21095,"HARLAN, KY",18,470,Alzheimer,4500,1,19,5.26,1724.195349,6818053.545,2611.140277,high
21107,"HOPKINS, KY",18,530,Alzheimer,1810,1,27,3.7,1724.195349,6818053.545,2611.140277,(null)
21111,"JEFFERSON, KY",18,550,Alzheimer,1380,2,314,0.64,1724.195349,6818053.545,2611.140277,(null)
21163,"MEADE, KY",18,801,Alzheimer,100,1,2,50,1724.195349,6818053.545,2611.140277,(null)
21175,"MORGAN, KY",18,861,Alzheimer,70,1,7,14.29,1724.195349,6818053.545,2611.140277,(null)
21179,"NELSON, KY",18,890,Alzheimer,2980,1,21,4.76,1724.195349,6818053.545,2611.140277,(null)
21197,"POWELL, KY",18,971,Alzheimer,570,1,6,16.67,1724.195349,6818053.545,2611.140277,(null)
22009,"AVOYELLES, LA",19,40,Alzheimer,1160,1,15,6.67,1724.195349,6818053.545,2611.140277,(null)
22017,"CADDO, LA",19,80,Alzheimer,3200,1,144,0.69,1724.195349,6818053.545,2611.140277,(null)
22019,"CALCASIEU, LA",19,90,Alzheimer,870,2,75,2.67,1724.195349,6818053.545,2611.140277,(null)
22033,"E. BATON ROUGE, LA",19,160,Alzheimer,1313.333333,3,147,2.04,1724.195349,6818053.545,2611.140277,(null)
22045,"IBERIA, LA",19,220,Alzheimer,170,1,26,3.85,1724.195349,6818053.545,2611.140277,(null)
22051,"JEFFERSON, LA",19,250,Alzheimer,3095,2,173,1.16,1724.195349,6818053.545,2611.140277,(null)
22057,"LAFOURCHE, LA",19,280,Alzheimer,1125,2,30,6.67,1724.195349,6818053.545,2611.140277,(null)
22067,"MOREHOUSE, LA",19,330,Alzheimer,3770,2,14,14.29,1724.195349,6818053.545,2611.140277,(null)
22073,"OUACHITA, LA",19,360,Alzheimer,790,1,70,1.43,1724.195349,6818053.545,2611.140277,(null)
22079,"RAPIDES, LA",19,390,Alzheimer,2630,1,71,1.41,1724.195349,6818053.545,2611.140277,(null)
22083,"RICHLAND, LA",19,410,Alzheimer,130,1,14,7.14,1724.195349,6818053.545,2611.140277,(null)
22091,"ST. HELENA, LA",19,450,Alzheimer,1700,1,3,33.33,1724.195349,6818053.545,2611.140277,(null)
22109,"TERREBONNE, LA",19,540,Alzheimer,1050,2,42,4.76,1724.195349,6818053.545,2611.140277,(null)
22113,"VERMILION, LA",19,560,Alzheimer,1170,1,26,3.85,1724.195349,6818053.545,2611.140277,(null)
22115,"VERNON, LA",19,570,Alzheimer,520,1,11,9.09,1724.195349,6818053.545,2611.140277,(null)
22117,"WASHINGTON, LA",19,580,Alzheimer,2090,1,11,9.09,1724.195349,6818053.545,2611.140277,(null)
22127,"WINN, LA",19,630,Alzheimer,1050,1,7,14.29,1724.195349,6818053.545,2611.140277,(null)
23001,"ANDROSCOGGIN, ME",20,0,Alzheimer,0,1,49,2.04,1724.195349,6818053.545,2611.140277,(null)
23003,"AROOSTOOK, ME",20,10,Alzheimer,160,1,44,2.27,1724.195349,6818053.545,2611.140277,(null)
23005,"CUMBERLAND, ME",20,20,Alzheimer,550,1,161,0.62,1724.195349,6818053.545,2611.140277,(null)
23009,"HANCOCK, ME",20,40,Alzheimer,2750,1,31,3.23,1724.195349,6818053.545,2611.140277,(null)
23011,"KENNEBEC, ME",20,50,Alzheimer,695,2,75,2.67,1724.195349,6818053.545,2611.140277,(null)
23013,"KNOX, ME",20,60,Alzheimer,1380,1,32,3.13,1724.195349,6818053.545,2611.140277,(null)
23023,"SAGADAHOC, ME",20,110,Alzheimer,20,1,23,4.35,1724.195349,6818053.545,2611.140277,(null)
23027,"WALDO, ME",20,130,Alzheimer,50,1,20,5,1724.195349,6818053.545,2611.140277,(null)
24001,"ALLEGANY, MD",21,0,Alzheimer,390,1,44,2.27,1724.195349,6818053.545,2611.140277,(null)
24003,"ANNE ARUNDEL, MD",21,10,Alzheimer,1230,4,190,2.11,1724.195349,6818053.545,2611.140277,(null)
24005,"BALTIMORE, MD",21,20,Alzheimer,330,2,313,0.64,1724.195349,6818053.545,2611.140277,(null)
24510,"BALTIMORE CITY, MD",21,30,Alzheimer,790,1,218,0.46,1724.195349,6818053.545,2611.140277,(null)
24009,"CALVERT, MD",21,40,Alzheimer,1770,1,35,2.86,1724.195349,6818053.545,2611.140277,(null)
24011,"CAROLINE, MD",21,50,Alzheimer,3290,1,10,10,1724.195349,6818053.545,2611.140277,(null)
24021,"FREDERICK, MD",21,100,Alzheimer,1180,1,67,1.49,1724.195349,6818053.545,2611.140277,(null)
24025,"HARFORD, MD",21,120,Alzheimer,950,2,82,2.44,1724.195349,6818053.545,2611.140277,(null)
24031,"MONTGOMERY, MD",21,150,Alzheimer,1053.333333,3,268,1.12,1724.195349,6818053.545,2611.140277,(null)
24033,"PRINCE GEORGES, MD",21,160,Alzheimer,846.6666667,3,228,1.32,1724.195349,6818053.545,2611.140277,(null)
24047,"WORCESTER, MD",21,230,Alzheimer,1570,1,32,3.13,1724.195349,6818053.545,2611.140277,(null)
25001,"BARNSTABLE, MA",22,0,Alzheimer,830,1,119,0.84,1724.195349,6818053.545,2611.140277,(null)
25003,"BERKSHIRE, MA",22,10,Alzheimer,1613.333333,3,84,3.57,1724.195349,6818053.545,2611.140277,(null)
25005,"BRISTOL, MA",22,20,Alzheimer,755,2,241,0.83,1724.195349,6818053.545,2611.140277,(null)
25009,"ESSEX, MA",22,40,Alzheimer,1881.6,5,296,1.69,1724.195349,6818053.545,2611.140277,(null)
25013,"HAMPDEN, MA",22,70,Alzheimer,2490,1,204,0.49,1724.195349,6818053.545,2611.140277,(null)
25015,"HAMPSHIRE, MA",22,80,Alzheimer,2220,1,60,1.67,1724.195349,6818053.545,2611.140277,(null)
25017,"MIDDLESEX, MA",22,90,Alzheimer,2601.142857,7,583,1.2,1724.195349,6818053.545,2611.140277,(null)
25021,"NORFOLK, MA",22,130,Alzheimer,1120,2,235,0.85,1724.195349,6818053.545,2611.140277,(null)
25023,"PLYMOUTH, MA",22,150,Alzheimer,596.6666667,3,193,1.55,1724.195349,6818053.545,2611.140277,(null)
25025,"SUFFOLK, MA",22,160,Alzheimer,4235,2,209,0.96,1724.195349,6818053.545,2611.140277,(null)
25027,"WORCESTER, MA",22,170,Alzheimer,130,3,311,0.96,1724.195349,6818053.545,2611.140277,(null)
26001,"ALCONA, MI",23,0,Alzheimer,1160,1,13,7.69,1724.195349,6818053.545,2611.140277,(null)
26021,"BERRIEN, MI",23,100,Alzheimer,2500,1,78,1.28,1724.195349,6818053.545,2611.140277,(null)
26025,"CALHOUN, MI",23,120,Alzheimer,990,1,52,1.92,1724.195349,6818053.545,2611.140277,(null)
26027,"CASS, MI",23,130,Alzheimer,2040,1,16,6.25,1724.195349,6818053.545,2611.140277,(null)
26033,"CHIPPEWA, MI",23,160,Alzheimer,8188,1,19,5.26,1724.195349,6818053.545,2611.140277,high
26045,"EATON, MI",23,220,Alzheimer,340,1,26,3.85,1724.195349,6818053.545,2611.140277,(null)
26049,"GENESEE, MI",23,240,Alzheimer,905,2,167,1.2,1724.195349,6818053.545,2611.140277,(null)
26065,"INGHAM, MI",23,320,Alzheimer,1100,1,98,1.02,1724.195349,6818053.545,2611.140277,(null)
26073,"ISABELLA, MI",23,360,Alzheimer,180,1,23,4.35,1724.195349,6818053.545,2611.140277,(null)
26081,"KENT, MI",23,400,Alzheimer,490,1,195,0.51,1724.195349,6818053.545,2611.140277,(null)
26099,"MACOMB, MI",23,490,Alzheimer,2775.6,5,319,1.57,1724.195349,6818053.545,2611.140277,(null)
26115,"MONROE, MI",23,570,Alzheimer,2254,2,59,3.39,1724.195349,6818053.545,2611.140277,(null)
26125,"OAKLAND, MI",23,620,Alzheimer,1620,3,454,0.66,1724.195349,6818053.545,2611.140277,(null)
26149,"ST. JOSEPH, MI",23,740,Alzheimer,3470,1,25,4,1724.195349,6818053.545,2611.140277,(null)
26159,"VAN BUREN, MI",23,790,Alzheimer,330,1,34,2.94,1724.195349,6818053.545,2611.140277,(null)
26161,"WASHTENAW, MI",23,800,Alzheimer,170,1,82,1.22,1724.195349,6818053.545,2611.140277,(null)
26163,"WAYNE, MI",23,810,Alzheimer,2304,5,690,0.72,1724.195349,6818053.545,2611.140277,(null)
27021,"CASS, MN",24,100,Alzheimer,625,2,20,10,1724.195349,6818053.545,2611.140277,(null)
27043,"FARIBAULT, MN",24,210,Alzheimer,1240,1,14,7.14,1724.195349,6818053.545,2611.140277,(null)
27053,"HENNEPIN, MN",24,260,Alzheimer,4824,2,366,0.55,1724.195349,6818053.545,2611.140277,high
27067,"KANDIYOHI, MN",24,330,Alzheimer,140,1,22,4.55,1724.195349,6818053.545,2611.140277,(null)
27087,"MAHNOMEN, MN",24,430,Alzheimer,750,1,5,20,1724.195349,6818053.545,2611.140277,(null)
27089,"MARSHALL, MN",24,440,Alzheimer,845,2,8,25,1724.195349,6818053.545,2611.140277,(null)
27109,"OLMSTED, MN",24,540,Alzheimer,530,1,46,2.17,1724.195349,6818053.545,2611.140277,(null)
27121,"POPE, MN",24,600,Alzheimer,2590,1,3,33.33,1724.195349,6818053.545,2611.140277,(null)
27137,"ST. LOUIS, MN",24,680,Alzheimer,1510,2,90,2.22,1724.195349,6818053.545,2611.140277,(null)
27145,"STEARNS, MN",24,720,Alzheimer,1430,1,46,2.17,1724.195349,6818053.545,2611.140277,(null)
27169,"WINONA, MN",24,840,Alzheimer,1670,1,17,5.88,1724.195349,6818053.545,2611.140277,(null)
28027,"COAHOMA, MS",25,130,Alzheimer,680,1,13,7.69,1724.195349,6818053.545,2611.140277,(null)
28035,"FORREST, MS",25,170,Alzheimer,940,1,45,2.22,1724.195349,6818053.545,2611.140277,(null)
28047,"HARRISON, MS",25,230,Alzheimer,1926.666667,3,72,4.17,1724.195349,6818053.545,2611.140277,(null)
28053,"HUMPHREYS, MS",25,260,Alzheimer,460,1,11,9.09,1724.195349,6818053.545,2611.140277,(null)
28067,"JONES, MS",25,330,Alzheimer,450,1,48,2.08,1724.195349,6818053.545,2611.140277,(null)
28085,"LINCOLN, MS",25,420,Alzheimer,760,1,11,9.09,1724.195349,6818053.545,2611.140277,(null)
28107,"PANOLA, MS",25,530,Alzheimer,5410,1,26,3.85,1724.195349,6818053.545,2611.140277,high
28121,"RANKIN, MS",25,600,Alzheimer,430,1,53,1.89,1724.195349,6818053.545,2611.140277,(null)
28145,"UNION, MS",25,720,Alzheimer,1000,1,13,7.69,1724.195349,6818053.545,2611.140277,(null)
28147,"WALTHALL, MS",25,730,Alzheimer,740,1,10,10,1724.195349,6818053.545,2611.140277,(null)
29007,"AUDRAIN, MO",26,30,Alzheimer,380,1,14,7.14,1724.195349,6818053.545,2611.140277,(null)
29009,"BARRY, MO",26,40,Alzheimer,1230,2,18,11.11,1724.195349,6818053.545,2611.140277,(null)
29013,"BATES, MO",26,60,Alzheimer,380,1,7,14.29,1724.195349,6818053.545,2611.140277,(null)
29015,"BENTON, MO",26,70,Alzheimer,400,1,11,9.09,1724.195349,6818053.545,2611.140277,(null)
29021,"BUCHANAN, MO",26,100,Alzheimer,1780,1,32,3.13,1724.195349,6818053.545,2611.140277,(null)
29043,"CHRISTIAN, MO",26,210,Alzheimer,840,1,22,4.55,1724.195349,6818053.545,2611.140277,(null)
29047,"CLAY, MO",26,230,Alzheimer,330,1,63,1.59,1724.195349,6818053.545,2611.140277,(null)
29077,"GREENE, MO",26,380,Alzheimer,980,1,108,0.93,1724.195349,6818053.545,2611.140277,(null)
29095,"JACKSON, MO",26,470,Alzheimer,1920,1,242,0.41,1724.195349,6818053.545,2611.140277,(null)
29111,"LEWIS, MO",26,541,Alzheimer,1100,1,6,16.67,1724.195349,6818053.545,2611.140277,(null)
29159,"PETTIS, MO",26,790,Alzheimer,730,1,22,4.55,1724.195349,6818053.545,2611.140277,(null)
29161,"PHELPS, MO",26,800,Alzheimer,150,1,20,5,1724.195349,6818053.545,2611.140277,(null)
29175,"RANDOLPH, MO",26,870,Alzheimer,50,1,11,9.09,1724.195349,6818053.545,2611.140277,(null)
29181,"RIPLEY, MO",26,900,Alzheimer,2060,1,3,33.33,1724.195349,6818053.545,2611.140277,(null)
29183,"ST. CHARLES, MO",26,910,Alzheimer,1630,1,115,0.87,1724.195349,6818053.545,2611.140277,(null)
29187,"ST. FRANCOIS, MO",26,930,Alzheimer,3590,1,44,2.27,1724.195349,6818053.545,2611.140277,(null)
29189,"ST. LOUIS, MO",26,940,Alzheimer,8178,1,400,0.25,1724.195349,6818053.545,2611.140277,high
29510,"ST. LOUIS CITY, MO",26,950,Alzheimer,1010,1,115,0.87,1724.195349,6818053.545,2611.140277,(null)
29223,"WAYNE, MO",26,993,Alzheimer,610,1,14,7.14,1724.195349,6818053.545,2611.140277,(null)
29229,"WRIGHT, MO",26,996,Alzheimer,930,1,16,6.25,1724.195349,6818053.545,2611.140277,(null)
30003,"BIG HORN, MT",27,10,Alzheimer,3570,1,6,16.67,1724.195349,6818053.545,2611.140277,(null)
30017,"CUSTER, MT",27,80,Alzheimer,990,2,5,40,1724.195349,6818053.545,2611.140277,(null)
30033,"GARFIELD, MT",27,160,Alzheimer,2090,1,1,100,1724.195349,6818053.545,2611.140277,(null)
30073,"PONDERA, MT",27,360,Alzheimer,1890,1,3,33.33,1724.195349,6818053.545,2611.140277,(null)
31037,"COLFAX, NE",28,180,Alzheimer,370,1,11,9.09,1724.195349,6818053.545,2611.140277,(null)
31055,"DOUGLAS, NE",28,270,Alzheimer,3620,1,167,0.6,1724.195349,6818053.545,2611.140277,(null)
31059,"FILLMORE, NE",28,290,Alzheimer,4370,1,5,20,1724.195349,6818053.545,2611.140277,high
31109,"LANCASTER, NE",28,540,Alzheimer,1796.666667,3,82,3.66,1724.195349,6818053.545,2611.140277,(null)
32003,"CLARK, NV",29,10,Alzheimer,756.6666667,3,560,0.54,1724.195349,6818053.545,2611.140277,(null)
33011,"HILLSBOROUGH, NH",30,50,Alzheimer,3900,2,164,1.22,1724.195349,6818053.545,2611.140277,(null)
33015,"ROCKINGHAM, NH",30,70,Alzheimer,700,1,126,0.79,1724.195349,6818053.545,2611.140277,(null)
33019,"SULLIVAN, NH",30,90,Alzheimer,570,1,31,3.23,1724.195349,6818053.545,2611.140277,(null)
34001,"ATLANTIC, NJ",31,0,Alzheimer,1050,1,108,0.93,1724.195349,6818053.545,2611.140277,(null)
34003,"BERGEN, NJ",31,100,Alzheimer,2187.5,4,332,1.2,1724.195349,6818053.545,2611.140277,(null)
34005,"BURLINGTON, NJ",31,150,Alzheimer,300,1,168,0.6,1724.195349,6818053.545,2611.140277,(null)
34007,"CAMDEN, NJ",31,160,Alzheimer,1475,2,192,1.04,1724.195349,6818053.545,2611.140277,(null)
34009,"CAPE MAY, NJ",31,180,Alzheimer,1945,2,51,3.92,1724.195349,6818053.545,2611.140277,(null)
34013,"ESSEX, NJ",31,200,Alzheimer,1360,1,246,0.41,1724.195349,6818053.545,2611.140277,(null)
34015,"GLOUCESTER, NJ",31,220,Alzheimer,490,1,99,1.01,1724.195349,6818053.545,2611.140277,(null)
34017,"HUDSON, NJ",31,230,Alzheimer,2890,2,176,1.14,1724.195349,6818053.545,2611.140277,(null)
34021,"MERCER, NJ",31,260,Alzheimer,180,1,131,0.76,1724.195349,6818053.545,2611.140277,(null)
34023,"MIDDLESEX, NJ",31,270,Alzheimer,1910,2,252,0.79,1724.195349,6818053.545,2611.140277,(null)
34025,"MONMOUTH, NJ",31,290,Alzheimer,380,1,237,0.42,1724.195349,6818053.545,2611.140277,(null)
34027,"MORRIS, NJ",31,300,Alzheimer,1157.5,4,147,2.72,1724.195349,6818053.545,2611.140277,(null)
34039,"UNION, NJ",31,370,Alzheimer,963.3333333,3,189,1.59,1724.195349,6818053.545,2611.140277,(null)
35001,"BERNALILLO, NM",32,0,Alzheimer,1610,1,310,0.32,1724.195349,6818053.545,2611.140277,(null)
35043,"SANDOVAL, NM",32,210,Alzheimer,120,1,60,1.67,1724.195349,6818053.545,2611.140277,(null)
35049,"SANTA FE, NM",32,240,Alzheimer,1413.333333,3,104,2.88,1724.195349,6818053.545,2611.140277,(null)
35055,"TAOS, NM",32,270,Alzheimer,1550,1,17,5.88,1724.195349,6818053.545,2611.140277,(null)
36005,"BRONX, NY",33,20,Alzheimer,1360,4,359,1.11,1724.195349,6818053.545,2611.140277,(null)
36007,"BROOME, NY",33,30,Alzheimer,5116,3,93,3.23,1724.195349,6818053.545,2611.140277,high
36009,"CATTARAUGUS, NY",33,40,Alzheimer,1210,1,35,2.86,1724.195349,6818053.545,2611.140277,(null)
36011,"CAYUGA, NY",33,50,Alzheimer,2490,1,25,4,1724.195349,6818053.545,2611.140277,(null)
36029,"ERIE, NY",33,240,Alzheimer,1623.333333,3,387,0.78,1724.195349,6818053.545,2611.140277,(null)
36043,"HERKIMER, NY",33,320,Alzheimer,130,1,31,3.23,1724.195349,6818053.545,2611.140277,(null)
36045,"JEFFERSON, NY",33,330,Alzheimer,620,2,36,5.56,1724.195349,6818053.545,2611.140277,(null)
36047,"KINGS, NY",33,331,Alzheimer,2238.571429,7,699,1,1724.195349,6818053.545,2611.140277,(null)
36055,"MONROE, NY",33,370,Alzheimer,1138,5,267,1.87,1724.195349,6818053.545,2611.140277,(null)
36059,"NASSAU, NY",33,400,Alzheimer,1462,5,500,1,1724.195349,6818053.545,2611.140277,(null)
36061,"NEW YORK, NY",33,420,Alzheimer,1160,6,524,1.15,1724.195349,6818053.545,2611.140277,(null)
36063,"NIAGARA, NY",33,500,Alzheimer,860,1,93,1.08,1724.195349,6818053.545,2611.140277,(null)
36065,"ONEIDA, NY",33,510,Alzheimer,1110,1,94,1.06,1724.195349,6818053.545,2611.140277,(null)
36075,"OSWEGO, NY",33,560,Alzheimer,550,1,56,1.79,1724.195349,6818053.545,2611.140277,(null)
36079,"PUTNAM, NY",33,580,Alzheimer,370,1,30,3.33,1724.195349,6818053.545,2611.140277,(null)
36081,"QUEENS, NY",33,590,Alzheimer,2168,5,628,0.8,1724.195349,6818053.545,2611.140277,(null)
36085,"RICHMOND, NY",33,610,Alzheimer,1010,3,146,2.05,1724.195349,6818053.545,2611.140277,(null)
36087,"ROCKLAND, NY",33,620,Alzheimer,490,1,101,0.99,1724.195349,6818053.545,2611.140277,(null)
36101,"STEUBEN, NY",33,690,Alzheimer,380,1,50,2,1724.195349,6818053.545,2611.140277,(null)
36103,"SUFFOLK, NY",33,700,Alzheimer,2078,6,508,1.18,1724.195349,6818053.545,2611.140277,(null)
36105,"SULLIVAN, NY",33,710,Alzheimer,3240,1,36,2.78,1724.195349,6818053.545,2611.140277,(null)
36111,"ULSTER, NY",33,740,Alzheimer,6998,1,57,1.75,1724.195349,6818053.545,2611.140277,high
36115,"WASHINGTON, NY",33,760,Alzheimer,1745,2,29,6.9,1724.195349,6818053.545,2611.140277,(null)
36119,"WESTCHESTER, NY",33,800,Alzheimer,1803.333333,3,324,0.93,1724.195349,6818053.545,2611.140277,(null)
37001,"ALAMANCE, NC",34,0,Alzheimer,2420,1,69,1.45,1724.195349,6818053.545,2611.140277,(null)
37007,"ANSON, NC",34,30,Alzheimer,1670,1,15,6.67,1724.195349,6818053.545,2611.140277,(null)
37009,"ASHE, NC",34,40,Alzheimer,1920,1,24,4.17,1724.195349,6818053.545,2611.140277,(null)
37021,"BUNCOMBE, NC",34,100,Alzheimer,2975,2,107,1.87,1724.195349,6818053.545,2611.140277,(null)
37025,"CABARRUS, NC",34,120,Alzheimer,465,2,71,2.82,1724.195349,6818053.545,2611.140277,(null)
37031,"CARTERET, NC",34,150,Alzheimer,15688,1,39,2.56,1724.195349,6818053.545,2611.140277,high
37041,"CHOWAN, NC",34,200,Alzheimer,90,1,13,7.69,1724.195349,6818053.545,2611.140277,(null)
37045,"CLEVELAND, NC",34,220,Alzheimer,310,1,65,1.54,1724.195349,6818053.545,2611.140277,(null)
37049,"CRAVEN, NC",34,240,Alzheimer,3140,1,50,2,1724.195349,6818053.545,2611.140277,(null)
37051,"CUMBERLAND, NC",34,250,Alzheimer,830,1,120,0.83,1724.195349,6818053.545,2611.140277,(null)
37061,"DUPLIN, NC",34,300,Alzheimer,1980,1,31,3.23,1724.195349,6818053.545,2611.140277,(null)
37063,"DURHAM, NC",34,310,Alzheimer,1550,1,73,1.37,1724.195349,6818053.545,2611.140277,(null)
37071,"GASTON, NC",34,350,Alzheimer,550,2,87,2.3,1724.195349,6818053.545,2611.140277,(null)
37081,"GUILFORD, NC",34,400,Alzheimer,1707,4,207,1.93,1724.195349,6818053.545,2611.140277,(null)
37083,"HALIFAX, NC",34,410,Alzheimer,1020,1,40,2.5,1724.195349,6818053.545,2611.140277,(null)
37085,"HARNETT, NC",34,420,Alzheimer,3470,1,44,2.27,1724.195349,6818053.545,2611.140277,(null)
37089,"HENDERSON, NC",34,440,Alzheimer,4460,1,65,1.54,1724.195349,6818053.545,2611.140277,high
37093,"HOKE, NC",34,460,Alzheimer,2560,1,10,10,1724.195349,6818053.545,2611.140277,(null)
37107,"LENOIR, NC",34,530,Alzheimer,756.6666667,3,29,10.34,1724.195349,6818053.545,2611.140277,(null)
37109,"LINCOLN, NC",34,540,Alzheimer,1230,1,35,2.86,1724.195349,6818053.545,2611.140277,(null)
37113,"MACON, NC",34,560,Alzheimer,660,1,23,4.35,1724.195349,6818053.545,2611.140277,(null)
37119,"MECKLENBURG, NC",34,590,Alzheimer,3662.666667,3,220,1.36,1724.195349,6818053.545,2611.140277,(null)
37129,"NEW HANOVER, NC",34,640,Alzheimer,200,1,91,1.1,1724.195349,6818053.545,2611.140277,(null)
37137,"PAMLICO, NC",34,680,Alzheimer,600,1,5,20,1724.195349,6818053.545,2611.140277,(null)
37171,"SURRY, NC",34,850,Alzheimer,130,1,52,1.92,1724.195349,6818053.545,2611.140277,(null)
37181,"VANCE, NC",34,900,Alzheimer,2640,1,29,3.45,1724.195349,6818053.545,2611.140277,(null)
37183,"WAKE, NC",34,910,Alzheimer,240,2,235,0.85,1724.195349,6818053.545,2611.140277,(null)
38017,"CASS, ND",35,80,Alzheimer,1560,1,71,1.41,1724.195349,6818053.545,2611.140277,(null)
38101,"WARD, ND",35,500,Alzheimer,2080,1,33,3.03,1724.195349,6818053.545,2611.140277,(null)
39005,"ASHLAND, OH",36,20,Alzheimer,9268,1,23,4.35,1724.195349,6818053.545,2611.140277,high
39017,"BUTLER, OH",36,80,Alzheimer,710,1,138,0.72,1724.195349,6818053.545,2611.140277,(null)
39023,"CLARK, OH",36,110,Alzheimer,1160,1,62,1.61,1724.195349,6818053.545,2611.140277,(null)
39025,"CLERMONT, OH",36,120,Alzheimer,930,1,41,2.44,1724.195349,6818053.545,2611.140277,(null)
39035,"CUYAHOGA, OH",36,170,Alzheimer,65,2,492,0.41,1724.195349,6818053.545,2611.140277,(null)
39047,"FAYETTE, OH",36,240,Alzheimer,740,1,15,6.67,1724.195349,6818053.545,2611.140277,(null)
39049,"FRANKLIN, OH",36,250,Alzheimer,4169,2,310,0.65,1724.195349,6818053.545,2611.140277,(null)
39061,"HAMILTON, OH",36,310,Alzheimer,10224,2,296,0.68,1724.195349,6818053.545,2611.140277,high
39079,"JACKSON, OH",36,410,Alzheimer,1370,1,18,5.56,1724.195349,6818053.545,2611.140277,(null)
39085,"LAKE, OH",36,440,Alzheimer,120,1,101,0.99,1724.195349,6818053.545,2611.140277,(null)
39093,"LORAIN, OH",36,480,Alzheimer,870,1,124,0.81,1724.195349,6818053.545,2611.140277,(null)
39095,"LUCAS, OH",36,490,Alzheimer,386.6666667,3,144,2.08,1724.195349,6818053.545,2611.140277,(null)
39113,"MONTGOMERY, OH",36,580,Alzheimer,1655,2,253,0.79,1724.195349,6818053.545,2611.140277,(null)
39127,"PERRY, OH",36,650,Alzheimer,30,1,16,6.25,1724.195349,6818053.545,2611.140277,(null)
39139,"RICHLAND, OH",36,710,Alzheimer,230,1,58,1.72,1724.195349,6818053.545,2611.140277,(null)
39153,"SUMMIT, OH",36,780,Alzheimer,13618,1,191,0.52,1724.195349,6818053.545,2611.140277,high
39173,"WOOD, OH",36,880,Alzheimer,820,1,40,2.5,1724.195349,6818053.545,2611.140277,(null)
40027,"CLEVELAND, OK",37,130,Alzheimer,1010,1,75,1.33,1724.195349,6818053.545,2611.140277,(null)
40039,"CUSTER, OK",37,190,Alzheimer,1060,1,12,8.33,1724.195349,6818053.545,2611.140277,(null)
40047,"GARFIELD, OK",37,230,Alzheimer,560,1,33,3.03,1724.195349,6818053.545,2611.140277,(null)
40079,"LE FLORE, OK",37,390,Alzheimer,2430,2,28,7.14,1724.195349,6818053.545,2611.140277,(null)
40091,"MCINTOSH, OK",37,450,Alzheimer,3250,1,17,5.88,1724.195349,6818053.545,2611.140277,(null)
40109,"OKLAHOMA, OK",37,540,Alzheimer,50,1,348,0.29,1724.195349,6818053.545,2611.140277,(null)
40111,"OKMULGEE, OK",37,550,Alzheimer,1090,1,19,5.26,1724.195349,6818053.545,2611.140277,(null)
40121,"PITTSBURG, OK",37,600,Alzheimer,1250,2,28,7.14,1724.195349,6818053.545,2611.140277,(null)
40143,"TULSA, OK",37,710,Alzheimer,3154,2,263,0.76,1724.195349,6818053.545,2611.140277,(null)
40145,"WAGONER, OK",37,720,Alzheimer,80,1,18,5.56,1724.195349,6818053.545,2611.140277,(null)
41003,"BENTON, OR",38,10,Alzheimer,830,1,28,3.57,1724.195349,6818053.545,2611.140277,(null)
41005,"CLACKAMAS, OR",38,20,Alzheimer,360,2,154,1.3,1724.195349,6818053.545,2611.140277,(null)
41011,"COOS, OR",38,50,Alzheimer,13448,1,41,2.44,1724.195349,6818053.545,2611.140277,high
41017,"DESCHUTES, OR",38,80,Alzheimer,50,1,64,1.56,1724.195349,6818053.545,2611.140277,(null)
41019,"DOUGLAS, OR",38,90,Alzheimer,1470,2,72,2.78,1724.195349,6818053.545,2611.140277,(null)
41033,"JOSEPHINE, OR",38,160,Alzheimer,280,1,63,1.59,1724.195349,6818053.545,2611.140277,(null)
41039,"LANE, OR",38,190,Alzheimer,1030,1,152,0.66,1724.195349,6818053.545,2611.140277,(null)
41041,"LINCOLN, OR",38,200,Alzheimer,2660,1,29,3.45,1724.195349,6818053.545,2611.140277,(null)
41043,"LINN, OR",38,210,Alzheimer,250,1,69,1.45,1724.195349,6818053.545,2611.140277,(null)
41051,"MULTNOMAH, OR",38,250,Alzheimer,643.3333333,3,255,1.18,1724.195349,6818053.545,2611.140277,(null)
41053,"POLK, OR",38,260,Alzheimer,3720,1,41,2.44,1724.195349,6818053.545,2611.140277,(null)
41059,"UMATILLA, OR",38,290,Alzheimer,1900,1,39,2.56,1724.195349,6818053.545,2611.140277,(null)
41067,"WASHINGTON, OR",38,330,Alzheimer,640,1,129,0.78,1724.195349,6818053.545,2611.140277,(null)
42003,"ALLEGHENY, PA",39,10,Alzheimer,1012,5,508,0.98,1724.195349,6818053.545,2611.140277,(null)
42013,"BLAIR, PA",39,120,Alzheimer,1970,1,81,1.23,1724.195349,6818053.545,2611.140277,(null)
42017,"BUCKS, PA",39,140,Alzheimer,490,3,223,1.35,1724.195349,6818053.545,2611.140277,(null)
42019,"BUTLER, PA",39,150,Alzheimer,580,1,70,1.43,1724.195349,6818053.545,2611.140277,(null)
42021,"CAMBRIA, PA",39,160,Alzheimer,1480,2,71,2.82,1724.195349,6818053.545,2611.140277,(null)
42025,"CARBON, PA",39,190,Alzheimer,650,1,24,4.17,1724.195349,6818053.545,2611.140277,(null)
42031,"CLARION, PA",39,220,Alzheimer,190,1,15,6.67,1724.195349,6818053.545,2611.140277,(null)
42033,"CLEARFIELD, PA",39,230,Alzheimer,80,1,35,2.86,1724.195349,6818053.545,2611.140277,(null)
42041,"CUMBERLAND, PA",39,270,Alzheimer,1360,1,90,1.11,1724.195349,6818053.545,2611.140277,(null)
42043,"DAUPHIN, PA",39,280,Alzheimer,260,1,100,1,1724.195349,6818053.545,2611.140277,(null)
42045,"DELAWARE, PA",39,290,Alzheimer,1550,1,197,0.51,1724.195349,6818053.545,2611.140277,(null)
42051,"FAYETTE, PA",39,330,Alzheimer,110,1,81,1.23,1724.195349,6818053.545,2611.140277,(null)
42063,"INDIANA, PA",39,390,Alzheimer,1385,2,52,3.85,1724.195349,6818053.545,2611.140277,(null)
42069,"LACKAWANNA, PA",39,420,Alzheimer,980,3,96,3.13,1724.195349,6818053.545,2611.140277,(null)
42071,"LANCASTER, PA",39,440,Alzheimer,340,1,179,0.56,1724.195349,6818053.545,2611.140277,(null)
42079,"LUZERNE, PA",39,480,Alzheimer,110,1,137,0.73,1724.195349,6818053.545,2611.140277,(null)
42081,"LYCOMING, PA",39,510,Alzheimer,3400,1,49,2.04,1724.195349,6818053.545,2611.140277,(null)
42089,"MONROE, PA",39,550,Alzheimer,2400,1,51,1.96,1724.195349,6818053.545,2611.140277,(null)
42091,"MONTGOMERY, PA",39,560,Alzheimer,1675,4,284,1.41,1724.195349,6818053.545,2611.140277,(null)
42095,"NORTHAMPTON, PA",39,590,Alzheimer,1710,3,114,2.63,1724.195349,6818053.545,2611.140277,(null)
42101,"PHILADELPHIA, PA",39,620,Alzheimer,2294.6,10,490,2.04,1724.195349,6818053.545,2611.140277,(null)
42129,"WESTMORELAND, PA",39,770,Alzheimer,740,1,151,0.66,1724.195349,6818053.545,2611.140277,(null)
42131,"WYOMING, PA",39,790,Alzheimer,6360,1,19,5.26,1724.195349,6818053.545,2611.140277,high
42133,"YORK, PA",39,800,Alzheimer,1186.666667,3,138,2.17,1724.195349,6818053.545,2611.140277,(null)
44003,"KENT, RI",41,10,Alzheimer,50,1,98,1.02,1724.195349,6818053.545,2611.140277,(null)
44007,"PROVIDENCE, RI",41,30,Alzheimer,640,4,397,1.01,1724.195349,6818053.545,2611.140277,(null)
44009,"WASHINGTON, RI",41,50,Alzheimer,260,1,86,1.16,1724.195349,6818053.545,2611.140277,(null)
45003,"AIKEN, SC",42,10,Alzheimer,2980,1,76,1.32,1724.195349,6818053.545,2611.140277,(null)
45007,"ANDERSON, SC",42,30,Alzheimer,890,1,100,1,1724.195349,6818053.545,2611.140277,(null)
45013,"BEAUFORT, SC",42,60,Alzheimer,385,2,77,2.6,1724.195349,6818053.545,2611.140277,(null)
45015,"BERKELEY, SC",42,70,Alzheimer,635,2,48,4.17,1724.195349,6818053.545,2611.140277,(null)
45019,"CHARLESTON, SC",42,90,Alzheimer,1615,2,141,1.42,1724.195349,6818053.545,2611.140277,(null)
45035,"DORCHESTER, SC",42,170,Alzheimer,2865,2,49,4.08,1724.195349,6818053.545,2611.140277,(null)
45051,"HORRY, SC",42,250,Alzheimer,620,1,114,0.88,1724.195349,6818053.545,2611.140277,(null)
45055,"KERSHAW, SC",42,270,Alzheimer,1200,1,30,3.33,1724.195349,6818053.545,2611.140277,(null)
45059,"LAURENS, SC",42,290,Alzheimer,435,2,25,8,1724.195349,6818053.545,2611.140277,(null)
45067,"MARION, SC",42,330,Alzheimer,1200,1,10,10,1724.195349,6818053.545,2611.140277,(null)
45071,"NEWBERRY, SC",42,350,Alzheimer,1370,1,18,5.56,1724.195349,6818053.545,2611.140277,(null)
45073,"OCONEE, SC",42,360,Alzheimer,1770,1,50,2,1724.195349,6818053.545,2611.140277,(null)
45081,"SALUDA, SC",42,400,Alzheimer,550,1,10,10,1724.195349,6818053.545,2611.140277,(null)
45083,"SPARTANBURG, SC",42,410,Alzheimer,1080,1,128,0.78,1724.195349,6818053.545,2611.140277,(null)
46029,"CODINGTON, SD",43,140,Alzheimer,2040,1,16,6.25,1724.195349,6818053.545,2611.140277,(null)
46067,"HUTCHINSON, SD",43,330,Alzheimer,1720,1,6,16.67,1724.195349,6818053.545,2611.140277,(null)
46099,"MINNEHAHA, SD",43,490,Alzheimer,1820,1,96,1.04,1724.195349,6818053.545,2611.140277,(null)
46135,"YANKTON, SD",43,670,Alzheimer,1210,1,18,5.56,1724.195349,6818053.545,2611.140277,(null)
47001,"ANDERSON, TN",44,0,Alzheimer,2720,1,36,2.78,1724.195349,6818053.545,2611.140277,(null)
47003,"BEDFORD, TN",44,10,Alzheimer,3600,1,19,5.26,1724.195349,6818053.545,2611.140277,(null)
47017,"CARROLL, TN",44,80,Alzheimer,540,1,16,6.25,1724.195349,6818053.545,2611.140277,(null)
47025,"CLAIBORNE, TN",44,120,Alzheimer,280,1,11,9.09,1724.195349,6818053.545,2611.140277,(null)
47037,"DAVIDSON, TN",44,180,Alzheimer,1925,4,202,1.98,1724.195349,6818053.545,2611.140277,(null)
47065,"HAMILTON, TN",44,320,Alzheimer,380,2,170,1.18,1724.195349,6818053.545,2611.140277,(null)
47089,"JEFFERSON, TN",44,440,Alzheimer,240,1,38,2.63,1724.195349,6818053.545,2611.140277,(null)
47091,"JOHNSON, TN",44,450,Alzheimer,150,1,12,8.33,1724.195349,6818053.545,2611.140277,(null)
47093,"KNOX, TN",44,460,Alzheimer,170,1,199,0.5,1724.195349,6818053.545,2611.140277,(null)
47097,"LAUDERDALE, TN",44,480,Alzheimer,3400,1,11,9.09,1724.195349,6818053.545,2611.140277,(null)
47099,"LAWRENCE, TN",44,490,Alzheimer,2220,1,26,3.85,1724.195349,6818053.545,2611.140277,(null)
47103,"LINCOLN, TN",44,510,Alzheimer,2106,3,26,11.54,1724.195349,6818053.545,2611.140277,(null)
47107,"MC MINN, TN",44,530,Alzheimer,7718,1,32,3.13,1724.195349,6818053.545,2611.140277,high
47109,"MC NAIRY, TN",44,540,Alzheimer,1190,1,19,5.26,1724.195349,6818053.545,2611.140277,(null)
47119,"MAURY, TN",44,590,Alzheimer,10838,1,54,1.85,1724.195349,6818053.545,2611.140277,high
47131,"OBION, TN",44,650,Alzheimer,950,1,12,8.33,1724.195349,6818053.545,2611.140277,(null)
47141,"PUTNAM, TN",44,700,Alzheimer,170,1,42,2.38,1724.195349,6818053.545,2611.140277,(null)
47149,"RUTHERFORD, TN",44,740,Alzheimer,1890,1,64,1.56,1724.195349,6818053.545,2611.140277,(null)
47155,"SEVIER, TN",44,770,Alzheimer,510,1,53,1.89,1724.195349,6818053.545,2611.140277,(null)
47157,"SHELBY, TN",44,780,Alzheimer,113.3333333,3,320,0.94,1724.195349,6818053.545,2611.140277,(null)
47177,"WARREN, TN",44,880,Alzheimer,2020,1,31,3.23,1724.195349,6818053.545,2611.140277,(null)
48029,"BEXAR, TX",45,130,Alzheimer,2046.666667,3,496,0.6,1724.195349,6818053.545,2611.140277,(null)
48039,"BRAZORIA, TX",45,180,Alzheimer,3720,1,72,1.39,1724.195349,6818053.545,2611.140277,(null)
48061,"CAMERON, TX",45,240,Alzheimer,240,1,104,0.96,1724.195349,6818053.545,2611.140277,(null)
48085,"COLLIN, TX",45,310,Alzheimer,830,2,127,1.57,1724.195349,6818053.545,2611.140277,(null)
48113,"DALLAS, TX",45,390,Alzheimer,1182.5,8,583,1.37,1724.195349,6818053.545,2611.140277,(null)
48135,"ECTOR, TX",45,451,Alzheimer,2400,1,32,3.13,1724.195349,6818053.545,2611.140277,(null)
48141,"EL PASO, TX",45,480,Alzheimer,830,1,205,0.49,1724.195349,6818053.545,2611.140277,(null)
48149,"FAYETTE, TX",45,511,Alzheimer,340,1,18,5.56,1724.195349,6818053.545,2611.140277,(null)
48153,"FLOYD, TX",45,521,Alzheimer,1290,1,4,25,1724.195349,6818053.545,2611.140277,(null)
48161,"FREESTONE, TX",45,540,Alzheimer,1000,1,9,11.11,1724.195349,6818053.545,2611.140277,(null)
48167,"GALVESTON, TX",45,550,Alzheimer,1180,1,100,1,1724.195349,6818053.545,2611.140277,(null)
48183,"GREGG, TX",45,570,Alzheimer,1850,1,50,2,1724.195349,6818053.545,2611.140277,(null)
48187,"GUADALUPE, TX",45,581,Alzheimer,1010,1,31,3.23,1724.195349,6818053.545,2611.140277,(null)
48199,"HARDIN, TX",45,600,Alzheimer,5240,1,26,3.85,1724.195349,6818053.545,2611.140277,high
48201,"HARRIS, TX",45,610,Alzheimer,1176.25,8,917,0.87,1724.195349,6818053.545,2611.140277,(null)
48215,"HIDALGO, TX",45,650,Alzheimer,1510,2,189,1.06,1724.195349,6818053.545,2611.140277,(null)
48217,"HILL, TX",45,651,Alzheimer,875,2,15,13.33,1724.195349,6818053.545,2611.140277,(null)
48221,"HOOD, TX",45,653,Alzheimer,3720,1,22,4.55,1724.195349,6818053.545,2611.140277,(null)
48225,"HOUSTON, TX",45,660,Alzheimer,4150,1,8,12.5,1724.195349,6818053.545,2611.140277,(null)
48227,"HOWARD, TX",45,661,Alzheimer,510,1,11,9.09,1724.195349,6818053.545,2611.140277,(null)
48245,"JEFFERSON, TX",45,700,Alzheimer,690,1,90,1.11,1724.195349,6818053.545,2611.140277,(null)
48251,"JOHNSON, TX",45,720,Alzheimer,870,1,41,2.44,1724.195349,6818053.545,2611.140277,(null)
48291,"LIBERTY, TX",45,757,Alzheimer,2530,1,19,5.26,1724.195349,6818053.545,2611.140277,(null)
48303,"LUBBOCK, TX",45,770,Alzheimer,3810,1,80,1.25,1724.195349,6818053.545,2611.140277,(null)
48309,"MC LENNAN, TX",45,780,Alzheimer,740,2,92,2.17,1724.195349,6818053.545,2611.140277,(null)
48331,"MILAM, TX",45,795,Alzheimer,1200,1,9,11.11,1724.195349,6818053.545,2611.140277,(null)
48347,"NACOGDOCHES, TX",45,810,Alzheimer,1835,2,20,10,1724.195349,6818053.545,2611.140277,(null)
48355,"NUECES, TX",45,830,Alzheimer,2350,2,107,1.87,1724.195349,6818053.545,2611.140277,(null)
48367,"PARKER, TX",45,843,Alzheimer,380,2,30,6.67,1724.195349,6818053.545,2611.140277,(null)
48375,"POTTER, TX",45,860,Alzheimer,1190,2,80,2.5,1724.195349,6818053.545,2611.140277,(null)
48397,"ROCKWALL, TX",45,879,Alzheimer,1530,1,22,4.55,1724.195349,6818053.545,2611.140277,(null)
48407,"SAN JACINTO, TX",45,884,Alzheimer,270,1,9,11.11,1724.195349,6818053.545,2611.140277,(null)
48415,"SCURRY, TX",45,888,Alzheimer,1820,1,5,20,1724.195349,6818053.545,2611.140277,(null)
48423,"SMITH, TX",45,892,Alzheimer,410,3,66,4.55,1724.195349,6818053.545,2611.140277,(null)
48439,"TARRANT, TX",45,910,Alzheimer,1360,5,425,1.18,1724.195349,6818053.545,2611.140277,(null)
48441,"TAYLOR, TX",45,911,Alzheimer,430,1,59,1.69,1724.195349,6818053.545,2611.140277,(null)
48445,"TERRY, TX",45,913,Alzheimer,1870,1,5,20,1724.195349,6818053.545,2611.140277,(null)
48453,"TRAVIS, TX",45,940,Alzheimer,6559,2,184,1.09,1724.195349,6818053.545,2611.140277,high
48479,"WEBB, TX",45,953,Alzheimer,6178,1,53,1.89,1724.195349,6818053.545,2611.140277,high
48481,"WHARTON, TX",45,954,Alzheimer,1720,1,17,5.88,1724.195349,6818053.545,2611.140277,(null)
48497,"WISE, TX",45,973,Alzheimer,1040,1,13,7.69,1724.195349,6818053.545,2611.140277,(null)
49011,"DAVIS, UT",46,50,Alzheimer,1340,1,69,1.45,1724.195349,6818053.545,2611.140277,(null)
49035,"SALT LAKE, UT",46,170,Alzheimer,968.3333333,6,320,1.88,1724.195349,6818053.545,2611.140277,(null)
49041,"SEVIER, UT",46,200,Alzheimer,1870,1,14,7.14,1724.195349,6818053.545,2611.140277,(null)
49045,"TOOELE, UT",46,220,Alzheimer,1040,1,21,4.76,1724.195349,6818053.545,2611.140277,(null)
49049,"UTAH, UT",46,240,Alzheimer,510,1,118,0.85,1724.195349,6818053.545,2611.140277,(null)
49053,"WASHINGTON, UT",46,260,Alzheimer,820,1,76,1.32,1724.195349,6818053.545,2611.140277,(null)
50017,"ORANGE, VT",47,80,Alzheimer,620,1,14,7.14,1724.195349,6818053.545,2611.140277,(null)
50027,"WINDSOR, VT",47,130,Alzheimer,2090,1,38,2.63,1724.195349,6818053.545,2611.140277,(null)
51001,"ACCOMACK, VA",49,0,Alzheimer,2550,2,19,10.53,1724.195349,6818053.545,2611.140277,(null)
51015,"AUGUSTA, VA",49,70,Alzheimer,11438,1,19,5.26,1724.195349,6818053.545,2611.140277,high
51035,"CARROLL, VA",49,170,Alzheimer,650,1,20,5,1724.195349,6818053.545,2611.140277,(null)
51041,"CHESTERFIELD, VA",49,200,Alzheimer,3280,1,93,1.08,1724.195349,6818053.545,2611.140277,(null)
51047,"CULPEPER, VA",49,230,Alzheimer,410,1,20,5,1724.195349,6818053.545,2611.140277,(null)
51051,"DICKENSON, VA",49,250,Alzheimer,2550,1,7,14.29,1724.195349,6818053.545,2611.140277,(null)
51600,"FAIRFAX CITY, VA",49,288,Alzheimer,2970,1,28,3.57,1724.195349,6818053.545,2611.140277,(null)
51059,"FAIRFAX, VA",49,290,Alzheimer,1455,2,209,0.96,1724.195349,6818053.545,2611.140277,(null)
51073,"GLOUCESTER, VA",49,360,Alzheimer,0,1,14,7.14,1724.195349,6818053.545,2611.140277,(null)
51089,"HENRY, VA",49,440,Alzheimer,1715,2,14,14.29,1724.195349,6818053.545,2611.140277,(null)
51109,"LOUISA, VA",49,540,Alzheimer,1580,1,18,5.56,1724.195349,6818053.545,2611.140277,(null)
51680,"LYNCHBURG CITY, VA",49,551,Alzheimer,1460,2,56,3.57,1724.195349,6818053.545,2611.140277,(null)
51700,"NEWPORT NEWS CITY, VA",49,622,Alzheimer,1080,1,60,1.67,1724.195349,6818053.545,2611.140277,(null)
51710,"NORFOLK CITY, VA",49,641,Alzheimer,933.3333333,3,75,4,1724.195349,6818053.545,2611.140277,(null)
51133,"NORTHUMBERLND, VA",49,660,Alzheimer,50,1,10,10,1724.195349,6818053.545,2611.140277,(null)
51740,"PORTSMOUTH CITY, VA",49,711,Alzheimer,1010,1,42,2.38,1724.195349,6818053.545,2611.140277,(null)
51760,"RICHMOND CITY, VA",49,791,Alzheimer,1720,2,122,1.64,1724.195349,6818053.545,2611.140277,(null)
51161,"ROANOKE, VA",49,800,Alzheimer,830,1,24,4.17,1724.195349,6818053.545,2611.140277,(null)
51177,"SPOTSYLVANIA, VA",49,880,Alzheimer,1430,1,18,5.56,1724.195349,6818053.545,2611.140277,(null)
51185,"TAZEWELL, VA",49,920,Alzheimer,1140,2,31,6.45,1724.195349,6818053.545,2611.140277,(null)
51191,"WASHINGTON, VA",49,950,Alzheimer,1590,1,35,2.86,1724.195349,6818053.545,2611.140277,(null)
51830,"WILLIAMSBURG CITY, VA",49,961,Alzheimer,670,1,22,4.55,1724.195349,6818053.545,2611.140277,(null)
53005,"BENTON, WA",50,20,Alzheimer,3285,2,53,3.77,1724.195349,6818053.545,2611.140277,(null)
53011,"CLARK, WA",50,50,Alzheimer,220,1,129,0.78,1724.195349,6818053.545,2611.140277,(null)
53033,"KING, WA",50,160,Alzheimer,1436.666667,6,545,1.1,1724.195349,6818053.545,2611.140277,(null)
53035,"KITSAP, WA",50,170,Alzheimer,903.3333333,3,97,3.09,1724.195349,6818053.545,2611.140277,(null)
53047,"OKANOGAN, WA",50,230,Alzheimer,850,1,22,4.55,1724.195349,6818053.545,2611.140277,(null)
53053,"PIERCE, WA",50,260,Alzheimer,370,1,243,0.41,1724.195349,6818053.545,2611.140277,(null)
53061,"SNOHOMISH, WA",50,300,Alzheimer,1040,2,183,1.09,1724.195349,6818053.545,2611.140277,(null)
53063,"SPOKANE, WA",50,310,Alzheimer,205,2,168,1.19,1724.195349,6818053.545,2611.140277,(null)
53067,"THURSTON, WA",50,330,Alzheimer,3020,1,81,1.23,1724.195349,6818053.545,2611.140277,(null)
54011,"CABELL, WV",51,50,Alzheimer,2190,1,67,1.49,1724.195349,6818053.545,2611.140277,(null)
54033,"HARRISON, WV",51,160,Alzheimer,540,1,40,2.5,1724.195349,6818053.545,2611.140277,(null)
54037,"JEFFERSON, WV",51,180,Alzheimer,950,1,15,6.67,1724.195349,6818053.545,2611.140277,(null)
54039,"KANAWHA, WV",51,190,Alzheimer,2190,1,118,0.85,1724.195349,6818053.545,2611.140277,(null)
54043,"LINCOLN, WV",51,210,Alzheimer,1960,1,15,6.67,1724.195349,6818053.545,2611.140277,(null)
54053,"MASON, WV",51,260,Alzheimer,830,1,16,6.25,1724.195349,6818053.545,2611.140277,(null)
54055,"MERCER, WV",51,270,Alzheimer,3100,1,42,2.38,1724.195349,6818053.545,2611.140277,(null)
54077,"PRESTON, WV",51,380,Alzheimer,1660,1,19,5.26,1724.195349,6818053.545,2611.140277,(null)
54091,"TAYLOR, WV",51,450,Alzheimer,500,1,10,10,1724.195349,6818053.545,2611.140277,(null)
54097,"UPSHUR, WV",51,480,Alzheimer,700,1,19,5.26,1724.195349,6818053.545,2611.140277,(null)
54107,"WOOD, WV",51,530,Alzheimer,570,1,62,1.61,1724.195349,6818053.545,2611.140277,(null)
55007,"BAYFIELD, WI",52,30,Alzheimer,1960,1,12,8.33,1724.195349,6818053.545,2611.140277,(null)
55025,"DANE, WI",52,120,Alzheimer,1935,2,159,1.26,1724.195349,6818053.545,2611.140277,(null)
55033,"DUNN, WI",52,160,Alzheimer,220,1,16,6.25,1724.195349,6818053.545,2611.140277,(null)
55039,"FOND DU LAC, WI",52,190,Alzheimer,3170,1,34,2.94,1724.195349,6818053.545,2611.140277,(null)
55059,"KENOSHA, WI",52,290,Alzheimer,1760,1,62,1.61,1724.195349,6818053.545,2611.140277,(null)
55061,"KEWAUNEE, WI",52,300,Alzheimer,1030,1,10,10,1724.195349,6818053.545,2611.140277,(null)
55069,"LINCOLN, WI",52,340,Alzheimer,2110,2,20,10,1724.195349,6818053.545,2611.140277,(null)
55071,"MANITOWOC, WI",52,350,Alzheimer,1350,1,30,3.33,1724.195349,6818053.545,2611.140277,(null)
55079,"MILWAUKEE, WI",52,390,Alzheimer,1390,3,334,0.9,1724.195349,6818053.545,2611.140277,(null)
55087,"OUTAGAMIE, WI",52,430,Alzheimer,1360,1,68,1.47,1724.195349,6818053.545,2611.140277,(null)
55097,"PORTAGE, WI",52,480,Alzheimer,7170,1,32,3.13,1724.195349,6818053.545,2611.140277,high
55099,"PRICE, WI",52,490,Alzheimer,1760,1,9,11.11,1724.195349,6818053.545,2611.140277,(null)
55105,"ROCK, WI",52,520,Alzheimer,750,1,62,1.61,1724.195349,6818053.545,2611.140277,(null)
55121,"TREMPEALEAU, WI",52,600,Alzheimer,1770,1,18,5.56,1724.195349,6818053.545,2611.140277,(null)
55127,"WALWORTH, WI",52,630,Alzheimer,320,1,43,2.33,1724.195349,6818053.545,2611.140277,(null)
55133,"WAUKESHA, WI",52,660,Alzheimer,2746,3,170,1.76,1724.195349,6818053.545,2611.140277,(null)
55139,"WINNEBAGO, WI",52,690,Alzheimer,2190,1,57,1.75,1724.195349,6818053.545,2611.140277,(null)
55141,"WOOD, WI",52,700,Alzheimer,1480,1,59,1.69,1724.195349,6818053.545,2611.140277,(null)
56013,"FREMONT, WY",53,60,Alzheimer,300,1,39,2.56,1724.195349,6818053.545,2611.140277,(null)
56021,"LARAMIE, WY",53,100,Alzheimer,330,1,73,1.37,1724.195349,6818053.545,2611.140277,(null)
